id,name,description,assignedto,duedate,Status
12,G (CSV),,,,form.status.value
14,I,,,,form.status.value
16,L,,,,
17,M,M,,,
18,N,N,,,
19,O,O,,,
20,P,P,,,
21,Q,Q,,,
22,ABC,,,,
23,D,,,,
24,823,,,,
25,do calendar example,,,,
26,TEST_5 : 27pm,,,,
27,sd,,,,
28,A,,,,
29,Chris,,,,
30,Ben,,,,
31,Ben Ben,,,,
32,123,123,123,2021-08-23,completed
33,Delete Ben ,,Ngai,2021-08-23,completed
34,Delete Ben & Chris,,,,
35,Ben,Olivia,Chris,2021-09-09,No completed
36,OMG,OMG,OMG,2021-08-23,completed
37,OMG,OMG-Ben!!!!!,OMG,2021-08-23,completed
38,OMG,WTF,OMG ,2021-08-23,completed
39,A,,,,
40,B,,,,
41,C,,,,
42,b,,,,
43,mm,,,,
44,OMG,OMG,OGM,2021-08-23,No completed
45,A,,,,
46,B,,,,
47,A,,,,
48,eat breakfast,,,,
49,Eat breakfast with my friend,6 : 30am,ngaiman,2021-08-23,No completed
51,Testing again,,,,
52,Tesing,OMG again,Ngai,2021-08-23,No completed
54,Hello - testing delete function,Sleep,Ngai,2021-08-23,No completed
55,Hello - testing delete function,Sleep,Ngai,2021-09-08,No completed
56,A,A,A,2021-08-23,No completed
57,Hello - testing delete function,OMG - morning,Ngai,2021-08-23,No completed
58,Hello - testing delete function 2,I,Ngai,2021-09-08,completed
60,Hello - testing delete function 4,again again .....,Ngai,2021-09-08,completed
